{"cameraMode":{"drawMode":0,"name":"Shaded","section":"Shading Mode"},"sceneLighting":true,"audioPlay":false,"sceneViewState":{"showFog":false,"showMaterialUpdate":false,"showSkybox":false,"showFlares":false,"showImageEffects":false,"showParticleSystems":false},"in2DMode":false,"pivot":{"x":123.47584533691406,"y":-236.00381469726563,"z":-39.812965393066409},"rotation":{"x":0.2726745009422302,"y":0.7068496346473694,"z":-0.5505390167236328,"w":0.35088491439819338},"size":147.0889129638672,"orthographic":false}