{"cameraMode":{"drawMode":0,"name":"Shaded","section":"Shading Mode"},"sceneLighting":false,"audioPlay":false,"sceneViewState":{"showFog":false,"showMaterialUpdate":false,"showSkybox":false,"showFlares":false,"showImageEffects":false,"showParticleSystems":false},"in2DMode":false,"pivot":{"x":0.0,"y":1.4123153686523438,"z":-2.2802257537841799},"rotation":{"x":0.00393953500315547,"y":0.8329073786735535,"z":-0.5534698367118836,"w":0.006367608439177275},"size":5.659377574920654,"orthographic":false}